{"cameraMode":{"drawMode":0,"name":"Shaded","section":"Shading Mode"},"sceneLighting":true,"audioPlay":false,"sceneViewState":{"m_AlwaysRefresh":false,"showFog":true,"showSkybox":true,"showFlares":true,"showImageEffects":true,"showParticleSystems":true,"showVisualEffectGraphs":true,"m_FxEnabled":true},"in2DMode":false,"pivot":{"x":0.6740691661834717,"y":0.5688323974609375,"z":-1.4804143905639649},"rotation":{"x":-0.26223185658454897,"y":0.05698888748884201,"z":-0.015515253879129887,"w":-0.9631955027580261},"size":4.431194305419922,"orthographic":false}